UID,Name
51507682748,AEYungBoii
5530063742,AEShikari
5165675957,AESenpai21Gr8
5186607517,AEZinXū77k
,
5136146053,YICūARES
540746265,YICūFAMOUS
51495692309,YICŪHARMAN
5328803502,YICŪCRIMINAL
52109677488,YICįSINNER
593925980,bMORANT
5238408418,bLacky28
5222293341,bHILXRIO
529287730,bJIN77K
578292589,ZnGxHaze
51229301984,ZnGRanaSir
5777220863,ZnGCipherzxy21
569819071,ZnGPunk
5993606908,ZnGJesterX
5307780671,ZnGFury
51864149323,DRXxLEVI
52167776946,DRXxWUAN
52312808095,DRXxCYRAX
52225049967,DRXxGURJARog
52080417020,DRXxKIM
52252858556,DRXxJD
51227215603,P C
510546165,Angū99y
555897726,ＴＴ×Zikey
5156301843,egoZenn
5732905552,4KxEMAAN
5184875975,4KxAlpacino
5105162305,4KxNOBI
5304155522,4KxSPEAR
5591396735,4KxTGLTN
5108661750,4KxGhost
5413602764,H٭・NOMERCY
5231181629,SAHU
5251339892,H٭GODLESS
5423468662,S P Y D Y
51215275605,4EverـCookie
514427810,4EverـForestt
5803848397,4EverـLimezzz
51357827377,4EverـRizzz
51246898567,4EverـSaibot
5100459488,SCCxJARVISOP
52010395687,SCCxOM
51981237156,SCCxHunT3rOP
52184015920,SCCxRAJ
52035402933,SCCxSUKHI
51910005093,XOTIC | SHUBH
52205687012,XOTICĪIĪZENO
51489407530,XOTIC | MARCO
52041945385,XOTIC | DP
51651839163,XOTIC | TOOTHSE
52041743463,XOTICĪIĪNOOB
5122027850,R2DxLutava
5292486223,R2DxMAANog
51984149945,R2DxHasnain
5864590810,R2DxDILJEETTT
51927115671,R2DxAllen
51720339179,JäVŠ父EsCo
5196579437,JäVŠ父Lalchi
51566364609,JaVŠ父Lassund
561210617,JäVŠ父SamBa
52189404150,JäVŠ父Sheikh
5203882505,gaRALO
5834819084,gaJeremy
563936593,gaHumble
5329848622,gaKAAIL
5938628398,KPRswanky
5439446168,KPRLaw13
5511811942,KPRInsanE
5253994440,『KPR』BlinkX
52021069892,KPRNovaK
51288560221,KPRDonG
578721858,ZR | Hidan
510336915,GHOSTJONATHAN
5100984397,【ツ】EDWIN〆
5166572305,ʚabejitaɞ
51858463424,entityACEop
61928520966,entityHuNTeR
51930276599,entityNeXusOp
51954269124,entitySECRET
5500811234,entityPSYCHOOO
5204630973,FGxDRANGOO
5119869770,FGxENFOLD
5786641758,FGxONeHIT
5129309713,FGxVICIOUSS
51805227334,FATExFANBOY19k
51551347079,FATExWINGMAN24
5473479711,FATExHiGHMAN28
5897973725,FATExFAZER
5539153110,FATExSOLOMAN24k
51459361485,STGxGUNDA
51790466255,STGxToxicMAHAL
51800932898,STGxSRAN
5992133589,STGxDeViLūOP
51927974692,STGxSILENt
579777070,amgxdefender
5419937355,AMGxGOD
51859584757,AMGxNMBRDAR
5162313469,AMGxSINNER
5962650460,hznHIM
51401957907,hznTIZ1
52148159301,hznHope
51851703852,hznToxic99
5159949585,CSūNOVAx
5343743089,CSgreenūū
5391813845,CSyychauchau
5701795437,CSokaybutwhy
5491206967,Csdelulu
5168644915,NHnRevenžer
51458090001,NHnMafiaSir
5520487313,NHnVele
5239255708,NHnSanDySIR
5129765651,NHnALCOR
5595055755,NHnViperOGū
5484235848,R2DxRUTHLeSS
5737152278,R2DxJason
51230355420,R2DxNINJAop
5211194953,R2DxTHOR
557334029,mmSTARLIGHT
51365369616,mmJELLY
5192362280,mmFallen
51000013257,mmHAWK
5285506066,oxyAKOP
5642896536,oxyGOBLIN
5122674005,oxyGURJAR
5302412833,oxyJONATHAN
51851157287,oxySEKTOR
513304128,oxySPOWER
578726132,mYmīKrish
5395151453,mYmīBURPY
5338164941,mYmīLEXUS
51596481238,mYmīPashaBAE
51368314427,supTenzy
5733386408,supYum
52070861131,supTai
5792314147,supHoxy
5711081303,rrcHDEM
52019475313,rrclabour
51501375897,rrcMANAGEMENT
51820667083,rrcMECHANIC
5105488078,FSxCake
5447634540,FSxChaRUNN
570104103,FSxHarley
51929840226,FSxVamsi
5167590205,VKSdellûsioñ
5620027334,VKSjunkey
5175180093,VKSluchi
5592768482,VKSPRACHANDA
5999208793,VKSrooKieduu